{
  "version": "finsight_direction_classifier_v1",
  "params": {
    "n_estimators": 87,
    "max_depth": 3,
    "learning_rate": 0.032481928697702896,
    "subsample": 0.6197316968394073,
    "colsample_bytree": 0.5312037280884873,
    "reg_lambda": 7.33991780504304
  },
  "fold_metrics": [
    {
      "fold": 1,
      "accuracy": 0.5035871964679912,
      "precision": 0.5035871964679912,
      "recall": 1.0,
      "f1": 0.6698476784731143,
      "roc_auc": 0.5006853122358692
    },
    {
      "fold": 2,
      "accuracy": 0.5238095238095238,
      "precision": 0.519640179910045,
      "recall": 0.926242650988776,
      "f1": 0.6657702650787553,
      "roc_auc": 0.5207972558695417
    },
    {
      "fold": 3,
      "accuracy": 0.48706074639062924,
      "precision": 0.48582655065955654,
      "recall": 0.9713804713804713,
      "f1": 0.6477081384471469,
      "roc_auc": 0.5082844205836972
    }
  ],
  "test_metrics": {
    "accuracy": 0.47570621468926555,
    "roc_auc": 0.5149355415569185,
    "precision": 0.4691458929301185,
    "recall": 0.9250604351329573,
    "f1": 0.6225596529284165
  },
  "artifact_path": "C:\\Users\\DELL\\Documents\\FinSight\\finsight\\data\\ml_models\\finsight_direction_classifier_v1.joblib"
}