{
  "random_forest": {
    "train_metrics": {
      "accuracy": 0.6412690482138396,
      "precision": 0.6001085187194791,
      "recall": 0.8987485779294653,
      "f1": 0.719677251431546,
      "roc_auc": 0.7565057229180489
    },
    "val_metrics": {
      "accuracy": 0.4818672839506173,
      "precision": 0.4803639846743295,
      "recall": 0.7954004758128469,
      "f1": 0.5989847715736041,
      "roc_auc": 0.4807574635469327
    },
    "test_metrics": {
      "accuracy": 0.48436911487758944,
      "precision": 0.46955280685061845,
      "recall": 0.7953263497179693,
      "f1": 0.5904875860005983,
      "roc_auc": 0.4985194674641863
    },
    "baseline_metrics": {
      "accuracy": 0.5058557633038833,
      "precision": 0.5134187457855698,
      "recall": 0.5134879956838414,
      "f1": 0.5134533683997572
    },
    "gap_pct": 36.45025424361364,
    "fold_std_pct": 1.5481892709209089,
    "overfit": true,
    "underfit": false,
    "instability": false,
    "passed": false
  },
  "catboost": {
    "train_metrics": {
      "accuracy": 0.5226080439670248,
      "precision": 0.5181629475869227,
      "recall": 0.9736713798147245,
      "f1": 0.6763759525825571,
      "roc_auc": 0.5184828372405303
    },
    "val_metrics": {
      "accuracy": 0.48726851851851855,
      "precision": 0.4864108713029576,
      "recall": 0.9651070578905631,
      "f1": 0.6468243422800957,
      "roc_auc": 0.5052925688948524
    },
    "test_metrics": {
      "accuracy": 0.4696798493408663,
      "precision": 0.4678475163650366,
      "recall": 0.9790491539081386,
      "f1": 0.6331422615945805,
      "roc_auc": 0.5023028606532808
    },
    "baseline_metrics": {
      "accuracy": 0.5058557633038833,
      "precision": 0.5134187457855698,
      "recall": 0.5134879956838414,
      "f1": 0.5134533683997572
    },
    "gap_pct": 2.5440125300731626,
    "fold_std_pct": 1.4090911662688592,
    "overfit": false,
    "underfit": true,
    "instability": false,
    "passed": false
  },
  "xgboost": {
    "train_metrics": {
      "accuracy": 0.5418436172870347,
      "precision": 0.528062764031382,
      "recall": 0.9954493742889647,
      "f1": 0.6900630914826499,
      "roc_auc": 0.6505041301102399
    },
    "val_metrics": {
      "accuracy": 0.4930555555555556,
      "precision": 0.4892929292929293,
      "recall": 0.9603489294210944,
      "f1": 0.6482869379014989,
      "roc_auc": 0.49562169959204977
    },
    "test_metrics": {
      "accuracy": 0.47871939736346514,
      "precision": 0.47138855542216884,
      "recall": 0.9492344883158743,
      "f1": 0.6299465240641712,
      "roc_auc": 0.5053824595076061
    },
    "baseline_metrics": {
      "accuracy": 0.5058557633038833,
      "precision": 0.5134187457855698,
      "recall": 0.5134879956838414,
      "f1": 0.5134533683997572
    },
    "gap_pct": 23.809599870171837,
    "fold_std_pct": 1.5658391661080677,
    "overfit": true,
    "underfit": false,
    "instability": false,
    "passed": false
  },
  "lightgbm": {
    "train_metrics": {
      "accuracy": 0.5277708385377633,
      "precision": 0.5206229676536026,
      "recall": 0.9887859580692345,
      "f1": 0.6821010146308649,
      "roc_auc": 0.5519384758556625
    },
    "val_metrics": {
      "accuracy": 0.4888117283950617,
      "precision": 0.4871382636655949,
      "recall": 0.9611419508326725,
      "f1": 0.6465724193118165,
      "roc_auc": 0.49845536588315836
    },
    "test_metrics": {
      "accuracy": 0.47231638418079097,
      "precision": 0.4684044233807267,
      "recall": 0.9556809024979855,
      "f1": 0.6286774450039756,
      "roc_auc": 0.4938519148334772
    },
    "baseline_metrics": {
      "accuracy": 0.5058557633038833,
      "precision": 0.5134187457855698,
      "recall": 0.5134879956838414,
      "f1": 0.5134533683997572
    },
    "gap_pct": 9.690049219632675,
    "fold_std_pct": 2.030829865979231,
    "overfit": false,
    "underfit": true,
    "instability": false,
    "passed": false
  }
}