{
  "random_forest": {
    "best_params": {
      "n_estimators": 136,
      "max_depth": 7,
      "min_samples_leaf": 6,
      "max_features": "sqrt"
    },
    "best_mean_metrics": {
      "accuracy": 0.5132249401039352,
      "precision": 0.5091494167761478,
      "recall": 0.7797570323902461,
      "f1": 0.6157039494215292,
      "roc_auc": 0.5197684070632115
    },
    "best_std_metrics": {
      "accuracy": 0.013350965551732279,
      "precision": 0.015735786510656456,
      "recall": 0.021551195923242644,
      "f1": 0.011320899883812215,
      "roc_auc": 0.008046998711789155
    },
    "n_trials": 10,
    "all_trial_scores": [
      0.5181016227044587,
      0.5093955714955191,
      0.5161982629651619,
      0.5169149751248416,
      0.5135468669089969,
      0.5113512321150653,
      0.513304906607441,
      0.5165150041489238,
      0.5197684070632115,
      0.5154387313391808
    ]
  },
  "catboost": {
    "best_params": {
      "iterations": 191,
      "depth": 3,
      "learning_rate": 0.1024932221692416,
      "l2_leaf_reg": 4.961372443656412
    },
    "best_mean_metrics": {
      "accuracy": 0.5099779123667794,
      "precision": 0.5076578060344296,
      "recall": 0.8823788765550673,
      "f1": 0.642148780293411,
      "roc_auc": 0.5193142962037082
    },
    "best_std_metrics": {
      "accuracy": 0.01780868610993018,
      "precision": 0.016299726620156253,
      "recall": 0.0839541485971635,
      "f1": 0.008137899837025698,
      "roc_auc": 0.00731761187297775
    },
    "n_trials": 10,
    "all_trial_scores": [
      0.5061585627118896,
      0.5117988350076994,
      0.5130735187586816,
      0.5166352385604135,
      0.5024927232013213,
      0.5014882688555587,
      0.5139007662389937,
      0.5084207336884896,
      0.5046505889936579,
      0.5193142962037082
    ]
  },
  "xgboost": {
    "best_params": {
      "n_estimators": 237,
      "max_depth": 7,
      "learning_rate": 0.019721610970574007,
      "subsample": 0.8056937753654446,
      "colsample_bytree": 0.836965827544817,
      "reg_lambda": 0.5598590859279775
    },
    "best_mean_metrics": {
      "accuracy": 0.5083713189189575,
      "precision": 0.5057515964207084,
      "recall": 0.9216562361345305,
      "f1": 0.6515759328139654,
      "roc_auc": 0.522333466017063
    },
    "best_std_metrics": {
      "accuracy": 0.01622052302725931,
      "precision": 0.01585374027525834,
      "recall": 0.07028674268161804,
      "f1": 0.013062369626551516,
      "roc_auc": 0.008178901988584947
    },
    "n_trials": 10,
    "all_trial_scores": [
      0.5105795530325126,
      0.4959209032179466,
      0.5172729186938062,
      0.5143531670740185,
      0.522333466017063,
      0.5092159499075,
      0.5120698340180122,
      0.5137685386941716,
      0.504000354645774,
      0.5114165067137649
    ]
  },
  "lightgbm": {
    "best_params": {
      "n_estimators": 343,
      "max_depth": 4,
      "learning_rate": 0.013940346079873234,
      "num_leaves": 73,
      "min_child_samples": 25
    },
    "best_mean_metrics": {
      "accuracy": 0.5063640531595223,
      "precision": 0.5041498342962295,
      "recall": 0.9115198344071792,
      "f1": 0.6481288597852087,
      "roc_auc": 0.5173643718234865
    },
    "best_std_metrics": {
      "accuracy": 0.013920060381902017,
      "precision": 0.014501764990942701,
      "recall": 0.06566402213524383,
      "f1": 0.01656029216827165,
      "roc_auc": 0.010506790178927203
    },
    "n_trials": 10,
    "all_trial_scores": [
      0.4974508424743373,
      0.5061293256568721,
      0.5016611887770507,
      0.513680887304859,
      0.5122633724816564,
      0.5142250057382104,
      0.5088846216675575,
      0.5173643718234865,
      0.5139386947502809,
      0.5162007880910019
    ]
  }
}